Hash Size,Image Shape,Image Type,KNN Type,Neighbours,Accuracy,Fit Time,Average Query Time
8,"(28, 80)",blackwhite/string_image,euclidean,1,0.5436,2.193999767303467,0.0005475600004196167
8,"(28, 80)",blackwhite/string_image,hamming,1,0.5436,2.1670000553131104,0.0006887599992752076
8,"(28, 80)",blackwhite/string_image,euclidean,4,0.49214,2.182999849319458,0.0005483800029754638
8,"(28, 80)",blackwhite/string_image,hamming,4,0.49214,2.1659998893737793,0.0006988199996948243
8,"(28, 80)",blackwhite/string_image,euclidean,20,0.51388,2.2039999961853027,0.0007011600017547608
8,"(28, 80)",blackwhite/string_image,hamming,20,0.51388,2.4790000915527344,0.0008714599990844727
8,"(28, 80)",blackwhite/string_image,euclidean,50,0.55666,2.437999963760376,0.0006580999994277954
8,"(28, 80)",blackwhite/string_image,hamming,50,0.55666,2.0390000343322754,0.0007191800022125244
8,"(28, 80)",blackwhite/string_image,euclidean,100,0.55718,2.1459999084472656,0.0005721000003814697
8,"(28, 80)",blackwhite/string_image,hamming,100,0.55718,2.134999990463257,0.0007256799983978271
8,"(28, 80)",blackwhite/string_image,euclidean,250,0.56422,2.2230000495910645,0.0006345800018310547
8,"(28, 80)",blackwhite/string_image,hamming,250,0.56422,2.2039999961853027,0.0008003999996185302
8,"(28, 80)",color/full_image/not_smooth,euclidean,1,0.5648,2.263000011444092,0.0006769600009918213
8,"(28, 80)",color/full_image/not_smooth,hamming,1,0.5648,2.123000144958496,0.0006477199983596801
8,"(28, 80)",color/full_image/not_smooth,euclidean,4,0.4352,2.19599986076355,0.0007014200019836425
8,"(28, 80)",color/full_image/not_smooth,hamming,4,0.4352,2.2709999084472656,0.0006823600006103515
8,"(28, 80)",color/full_image/not_smooth,euclidean,20,0.5648,2.697000026702881,0.000776439995765686
8,"(28, 80)",color/full_image/not_smooth,hamming,20,0.5648,2.296999931335449,0.0007039800024032592
8,"(28, 80)",color/full_image/not_smooth,euclidean,50,0.5648,2.255000114440918,0.0007531599998474121
8,"(28, 80)",color/full_image/not_smooth,hamming,50,0.5648,2.2249999046325684,0.0007772000026702881
8,"(28, 80)",color/full_image/not_smooth,euclidean,100,0.5648,2.2870001792907715,0.0007567999982833862
8,"(28, 80)",color/full_image/not_smooth,hamming,100,0.5648,2.2340002059936523,0.0007449399995803833
8,"(28, 80)",color/full_image/not_smooth,euclidean,250,0.5648,2.434000015258789,0.0008168199968338013
8,"(28, 80)",color/full_image/not_smooth,hamming,250,0.5648,2.2699999809265137,0.0007494799995422364
8,"(28, 80)",grayscale/full_image,euclidean,1,0.53106,1.9670000076293945,0.0005296799993515014
8,"(28, 80)",grayscale/full_image,hamming,1,0.53106,2.009000062942505,0.0004962999963760376
8,"(28, 80)",grayscale/full_image,euclidean,4,0.4352,1.8859999179840088,0.0005314599990844727
8,"(28, 80)",grayscale/full_image,hamming,4,0.4352,1.929999828338623,0.000499520001411438
8,"(28, 80)",grayscale/full_image,euclidean,20,0.4352,1.8999998569488525,0.000537920002937317
8,"(28, 80)",grayscale/full_image,hamming,20,0.4352,1.8369998931884766,0.0005051999998092651
8,"(28, 80)",grayscale/full_image,euclidean,50,0.4352,2.0379998683929443,0.0005375600004196167
8,"(28, 80)",grayscale/full_image,hamming,50,0.4352,1.8929998874664307,0.0004878600025177002
8,"(28, 80)",grayscale/full_image,euclidean,100,0.53106,1.880000114440918,0.0005473999977111816
8,"(28, 80)",grayscale/full_image,hamming,100,0.53106,2.0290000438690186,0.0005121600008010864
8,"(28, 80)",grayscale/full_image,euclidean,250,0.5648,2.000999927520752,0.0005725999975204468
8,"(28, 80)",grayscale/full_image,hamming,250,0.5648,2.0,0.0005302399969100952
8,"(28, 80)",blackwhite/full_image,euclidean,1,0.45488,2.2660000324249268,0.0004558400011062622
8,"(28, 80)",blackwhite/full_image,hamming,1,0.45488,2.2180001735687256,0.000438459997177124
8,"(28, 80)",blackwhite/full_image,euclidean,4,0.45442,2.177000045776367,0.00047182000160217284
8,"(28, 80)",blackwhite/full_image,hamming,4,0.45442,2.190999984741211,0.00044050000190734866
8,"(28, 80)",blackwhite/full_image,euclidean,20,0.4604,2.125999927520752,0.0004533200025558472
8,"(28, 80)",blackwhite/full_image,hamming,20,0.4604,2.1730000972747803,0.00043449999809265136
8,"(28, 80)",blackwhite/full_image,euclidean,50,0.46652,2.069999933242798,0.0004800600004196167
8,"(28, 80)",blackwhite/full_image,hamming,50,0.46652,2.1559998989105225,0.00045032000064849855
8,"(28, 80)",blackwhite/full_image,euclidean,100,0.4714,2.1690001487731934,0.0004838599967956543
8,"(28, 80)",blackwhite/full_image,hamming,100,0.4714,2.197000026702881,0.00045849999904632566
8,"(28, 80)",blackwhite/full_image,euclidean,250,0.56564,2.117000102996826,0.0005288199996948242
8,"(28, 80)",blackwhite/full_image,hamming,250,0.56564,2.1649999618530273,0.00048720000267028806
8,"(28, 80)",grayscale/string_image,euclidean,1,0.46534,2.003999948501587,0.0004554200029373169
8,"(28, 80)",grayscale/string_image,hamming,1,0.46534,2.174999952316284,0.0003767199993133545
8,"(28, 80)",grayscale/string_image,euclidean,4,0.43966,1.9399998188018799,0.00047680000305175784
8,"(28, 80)",grayscale/string_image,hamming,4,0.43966,1.999000072479248,0.0003648399972915649
8,"(28, 80)",grayscale/string_image,euclidean,20,0.54054,2.0980000495910645,0.00043599999904632566
8,"(28, 80)",grayscale/string_image,hamming,20,0.54054,2.0169999599456787,0.0004053999996185303
8,"(28, 80)",grayscale/string_image,euclidean,50,0.57002,2.044999837875366,0.0004833400011062622
8,"(28, 80)",grayscale/string_image,hamming,50,0.57002,2.2180001735687256,0.000443939995765686
8,"(28, 80)",grayscale/string_image,euclidean,100,0.57006,2.2129998207092285,0.00048634000301361083
8,"(28, 80)",grayscale/string_image,hamming,100,0.57006,2.127000093460083,0.00041073999881744387
8,"(28, 80)",grayscale/string_image,euclidean,250,0.56956,2.296999931335449,0.0005596200037002564
8,"(28, 80)",grayscale/string_image,hamming,250,0.56956,2.125,0.0004850600004196167
8,"(35, 32)",blackwhite/string_image,euclidean,1,0.52898,1.566999912261963,0.00015324000358581542
8,"(35, 32)",blackwhite/string_image,hamming,1,0.52898,1.6649999618530273,0.00020444000244140625
8,"(35, 32)",blackwhite/string_image,euclidean,4,0.49926,1.6970000267028809,0.00016585999965667726
8,"(35, 32)",blackwhite/string_image,hamming,4,0.49926,1.698000192642212,0.0002046399974822998
8,"(35, 32)",blackwhite/string_image,euclidean,20,0.5053,1.7079999446868896,0.00016475999832153321
8,"(35, 32)",blackwhite/string_image,hamming,20,0.5053,1.5400002002716064,0.00021311999797821044
8,"(35, 32)",blackwhite/string_image,euclidean,50,0.53362,1.5830001831054688,0.0002315399980545044
8,"(35, 32)",blackwhite/string_image,hamming,50,0.53362,2.3320000171661377,0.00027478000164031985
8,"(35, 32)",blackwhite/string_image,euclidean,100,0.53756,1.9620001316070557,0.0002507200002670288
8,"(35, 32)",blackwhite/string_image,hamming,100,0.53756,1.6129999160766602,0.00025332000255584716
8,"(35, 32)",blackwhite/string_image,euclidean,250,0.56732,1.7039999961853027,0.0002747399997711182
8,"(35, 32)",blackwhite/string_image,hamming,250,0.56732,1.621000051498413,0.0003285599994659424
8,"(35, 32)",color/full_image/not_smooth,euclidean,1,0.5648,2.190000057220459,0.0006746799993515015
8,"(35, 32)",color/full_image/not_smooth,hamming,1,0.5648,2.258000135421753,0.0006631799983978272
8,"(35, 32)",color/full_image/not_smooth,euclidean,4,0.4352,2.392000198364258,0.0008106199979782104
8,"(35, 32)",color/full_image/not_smooth,hamming,4,0.4352,2.496999979019165,0.000766399998664856
8,"(35, 32)",color/full_image/not_smooth,euclidean,20,0.5648,2.4180002212524414,0.0008390199995040894
8,"(35, 32)",color/full_image/not_smooth,hamming,20,0.5648,2.4179999828338623,0.0007319000005722046
8,"(35, 32)",color/full_image/not_smooth,euclidean,50,0.5648,2.2820000648498535,0.0007187999963760376
8,"(35, 32)",color/full_image/not_smooth,hamming,50,0.5648,2.187999963760376,0.0006597800016403198
8,"(35, 32)",color/full_image/not_smooth,euclidean,100,0.5648,2.3420000076293945,0.0006890199995040893
8,"(35, 32)",color/full_image/not_smooth,hamming,100,0.5648,2.0950000286102295,0.0006590000009536743
8,"(35, 32)",color/full_image/not_smooth,euclidean,250,0.5648,2.179999828338623,0.0007195000028610229
8,"(35, 32)",color/full_image/not_smooth,hamming,250,0.5648,2.1469998359680176,0.0006884800004959106
8,"(35, 32)",grayscale/full_image,euclidean,1,0.5648,2.1560001373291016,0.0007059800004959106
8,"(35, 32)",grayscale/full_image,hamming,1,0.5648,2.5510001182556152,0.0006670599985122681
8,"(35, 32)",grayscale/full_image,euclidean,4,0.4352,2.1669998168945312,0.0006983200025558471
8,"(35, 32)",grayscale/full_image,hamming,4,0.4352,2.2109999656677246,0.0006730399990081788
8,"(35, 32)",grayscale/full_image,euclidean,20,0.5648,2.0929999351501465,0.0006975
8,"(35, 32)",grayscale/full_image,hamming,20,0.5648,2.2239999771118164,0.0006833599996566772
8,"(35, 32)",grayscale/full_image,euclidean,50,0.5648,2.1529998779296875,0.0007017600011825562
8,"(35, 32)",grayscale/full_image,hamming,50,0.5648,2.1610000133514404,0.0006724399995803834
8,"(35, 32)",grayscale/full_image,euclidean,100,0.5648,2.1629998683929443,0.0007301200008392334
8,"(35, 32)",grayscale/full_image,hamming,100,0.5648,2.0929999351501465,0.0006498800039291382
8,"(35, 32)",grayscale/full_image,euclidean,250,0.5648,2.069999933242798,0.0007116800022125245
8,"(35, 32)",grayscale/full_image,hamming,250,0.5648,2.188999891281128,0.0006769400024414062
8,"(35, 32)",blackwhite/full_image,euclidean,1,0.43516,1.9630000591278076,0.0006150999975204468
8,"(35, 32)",blackwhite/full_image,hamming,1,0.43516,2.1620001792907715,0.0006263199996948242
8,"(35, 32)",blackwhite/full_image,euclidean,4,0.43466,2.241999864578247,0.0006826800012588501
8,"(35, 32)",blackwhite/full_image,hamming,4,0.43466,2.138000011444092,0.0006249000024795532
8,"(35, 32)",blackwhite/full_image,euclidean,20,0.5695,2.2209999561309814,0.0007389200019836425
8,"(35, 32)",blackwhite/full_image,hamming,20,0.5695,2.4639999866485596,0.0006491599988937378
8,"(35, 32)",blackwhite/full_image,euclidean,50,0.57,2.255999803543091,0.0006104200029373169
8,"(35, 32)",blackwhite/full_image,hamming,50,0.57,2.010999917984009,0.0005528999996185302
8,"(35, 32)",blackwhite/full_image,euclidean,100,0.56992,1.9909999370574951,0.000600900001525879
8,"(35, 32)",blackwhite/full_image,hamming,100,0.56992,2.078000068664551,0.0006632399988174438
8,"(35, 32)",blackwhite/full_image,euclidean,250,0.57028,2.1660001277923584,0.0007935999965667724
8,"(35, 32)",blackwhite/full_image,hamming,250,0.57028,2.187999963760376,0.0006749399995803833
8,"(35, 32)",grayscale/string_image,euclidean,1,0.56146,1.6349999904632568,0.00042829999923706054
8,"(35, 32)",grayscale/string_image,hamming,1,0.56146,1.6119999885559082,0.0003798799991607666
8,"(35, 32)",grayscale/string_image,euclidean,4,0.47838,1.488999843597412,0.0003739200019836426
8,"(35, 32)",grayscale/string_image,hamming,4,0.47838,1.429999828338623,0.00033606000423431397
8,"(35, 32)",grayscale/string_image,euclidean,20,0.55924,1.4159998893737793,0.0003986199998855591
8,"(35, 32)",grayscale/string_image,hamming,20,0.55924,1.5989999771118164,0.00035948000431060794
8,"(35, 32)",grayscale/string_image,euclidean,50,0.55868,1.50600004196167,0.0003661599969863892
8,"(35, 32)",grayscale/string_image,hamming,50,0.55868,1.4279999732971191,0.0003246999979019165
8,"(35, 32)",grayscale/string_image,euclidean,100,0.56154,1.3969998359680176,0.0003613800001144409
8,"(35, 32)",grayscale/string_image,hamming,100,0.56154,1.4150002002716064,0.00033822000026702883
8,"(35, 32)",grayscale/string_image,euclidean,250,0.56654,1.4240000247955322,0.0004109999990463257
8,"(35, 32)",grayscale/string_image,hamming,250,0.56654,1.3589999675750732,0.0003780399990081787
8,"(40, 28)",blackwhite/string_image,euclidean,1,0.52902,1.7400000095367432,0.00021205999851226808
8,"(40, 28)",blackwhite/string_image,hamming,1,0.52902,1.8199999332427979,0.0002894199991226196
8,"(40, 28)",blackwhite/string_image,euclidean,4,0.46458,1.7829999923706055,0.0002375600004196167
8,"(40, 28)",blackwhite/string_image,hamming,4,0.46458,1.6730000972747803,0.00030063999652862547
8,"(40, 28)",blackwhite/string_image,euclidean,20,0.5384,1.7730000019073486,0.00023763999938964845
8,"(40, 28)",blackwhite/string_image,hamming,20,0.5384,1.8010001182556152,0.0003227999973297119
8,"(40, 28)",blackwhite/string_image,euclidean,50,0.5273,1.7079999446868896,0.00027004000186920166
8,"(40, 28)",blackwhite/string_image,hamming,50,0.5273,1.74399995803833,0.00034492000102996824
8,"(40, 28)",blackwhite/string_image,euclidean,100,0.5582,1.8369998931884766,0.0003037400007247925
8,"(40, 28)",blackwhite/string_image,hamming,100,0.5582,1.7360000610351562,0.00038823999881744387
8,"(40, 28)",blackwhite/string_image,euclidean,250,0.56324,1.744999885559082,0.0004336600017547607
8,"(40, 28)",blackwhite/string_image,hamming,250,0.56324,1.9609999656677246,0.0005776000022888184
8,"(40, 28)",color/full_image/not_smooth,euclidean,1,0.5648,2.437000036239624,0.0008438199996948242
8,"(40, 28)",color/full_image/not_smooth,hamming,1,0.5648,2.1419999599456787,0.0007642999982833863
8,"(40, 28)",color/full_image/not_smooth,euclidean,4,0.4352,2.421999931335449,0.0007940999984741211
8,"(40, 28)",color/full_image/not_smooth,hamming,4,0.4352,2.2929999828338623,0.000712020001411438
8,"(40, 28)",color/full_image/not_smooth,euclidean,20,0.5648,2.25600004196167,0.0007682800006866455
8,"(40, 28)",color/full_image/not_smooth,hamming,20,0.5648,2.299999952316284,0.000728120002746582
8,"(40, 28)",color/full_image/not_smooth,euclidean,50,0.5648,2.197999954223633,0.000783120002746582
8,"(40, 28)",color/full_image/not_smooth,hamming,50,0.5648,2.7049999237060547,0.0007821400022506714
8,"(40, 28)",color/full_image/not_smooth,euclidean,100,0.5648,2.434999942779541,0.0008418599987030029
8,"(40, 28)",color/full_image/not_smooth,hamming,100,0.5648,2.2300000190734863,0.0007401800012588501
8,"(40, 28)",color/full_image/not_smooth,euclidean,250,0.5648,2.302999973297119,0.0008226000022888184
8,"(40, 28)",color/full_image/not_smooth,hamming,250,0.5648,2.364000082015991,0.0007767199993133544
8,"(40, 28)",grayscale/full_image,euclidean,1,0.5648,2.186000108718872,0.0008203200006484985
8,"(40, 28)",grayscale/full_image,hamming,1,0.5648,2.4839999675750732,0.0007548600006103516
8,"(40, 28)",grayscale/full_image,euclidean,4,0.4352,2.365999937057495,0.0008727600002288818
8,"(40, 28)",grayscale/full_image,hamming,4,0.4352,2.3559999465942383,0.0007455800008773803
8,"(40, 28)",grayscale/full_image,euclidean,20,0.5648,2.2199997901916504,0.0007943800020217895
8,"(40, 28)",grayscale/full_image,hamming,20,0.5648,2.390000104904175,0.0007507000017166138
8,"(40, 28)",grayscale/full_image,euclidean,50,0.5648,2.3969998359680176,0.0007239200019836426
8,"(40, 28)",grayscale/full_image,hamming,50,0.5648,2.080000162124634,0.0006596399974822998
8,"(40, 28)",grayscale/full_image,euclidean,100,0.5648,2.125,0.0007949199962615967
8,"(40, 28)",grayscale/full_image,hamming,100,0.5648,2.3499999046325684,0.000812660002708435
8,"(40, 28)",grayscale/full_image,euclidean,250,0.5648,2.5250000953674316,0.0008708199977874756
8,"(40, 28)",grayscale/full_image,hamming,250,0.5648,2.501000165939331,0.0007982999992370605
8,"(40, 28)",blackwhite/full_image,euclidean,1,0.48846,2.0860002040863037,0.00040405999660491943
8,"(40, 28)",blackwhite/full_image,hamming,1,0.48846,1.9010000228881836,0.00036985999584198
8,"(40, 28)",blackwhite/full_image,euclidean,4,0.4885,2.13700008392334,0.00042084000110626223
8,"(40, 28)",blackwhite/full_image,hamming,4,0.4885,2.048999786376953,0.00036648000240325926
8,"(40, 28)",blackwhite/full_image,euclidean,20,0.56888,1.9900000095367432,0.00042128000259399414
8,"(40, 28)",blackwhite/full_image,hamming,20,0.56888,1.9779999256134033,0.00035742000102996827
8,"(40, 28)",blackwhite/full_image,euclidean,50,0.56892,1.8879997730255127,0.0003655400037765503
8,"(40, 28)",blackwhite/full_image,hamming,50,0.56892,1.8839998245239258,0.00034898000240325927
8,"(40, 28)",blackwhite/full_image,euclidean,100,0.53654,2.1019999980926514,0.00042854000091552735
8,"(40, 28)",blackwhite/full_image,hamming,100,0.53654,1.9000000953674316,0.0003696600008010864
8,"(40, 28)",blackwhite/full_image,euclidean,250,0.569,2.13100004196167,0.0004299399995803833
8,"(40, 28)",blackwhite/full_image,hamming,250,0.569,1.9579999446868896,0.0003803000020980835
8,"(40, 28)",grayscale/string_image,euclidean,1,0.51928,1.4280002117156982,0.00011785999774932862
8,"(40, 28)",grayscale/string_image,hamming,1,0.51928,1.2829999923706055,0.0001130400037765503
8,"(40, 28)",grayscale/string_image,euclidean,4,0.45626,1.3640000820159912,0.00013955999851226808
8,"(40, 28)",grayscale/string_image,hamming,4,0.45626,1.4270000457763672,0.00015157999992370606
8,"(40, 28)",grayscale/string_image,euclidean,20,0.47602,1.4190001487731934,0.00016785999774932863
8,"(40, 28)",grayscale/string_image,hamming,20,0.47602,1.440999984741211,0.00014230000019073487
8,"(40, 28)",grayscale/string_image,euclidean,50,0.5047,1.4489998817443848,0.0001798799991607666
8,"(40, 28)",grayscale/string_image,hamming,50,0.5047,1.5259997844696045,0.00016216000080108642
8,"(40, 28)",grayscale/string_image,euclidean,100,0.52306,1.4549999237060547,0.00018886000156402588
8,"(40, 28)",grayscale/string_image,hamming,100,0.52306,1.440000057220459,0.00018017999649047852
8,"(40, 28)",grayscale/string_image,euclidean,250,0.5648,1.4639999866485596,0.00023914000034332275
8,"(40, 28)",grayscale/string_image,hamming,250,0.5648,1.3670001029968262,0.0002241599988937378
16,"(28, 80)",blackwhite/string_image,euclidean,1,0.50434,4.102999925613403,0.0005416800022125244
16,"(28, 80)",blackwhite/string_image,hamming,1,0.50434,3.939000129699707,0.0006321399974822998
16,"(28, 80)",blackwhite/string_image,euclidean,4,0.49304,4.549000024795532,0.000632339997291565
16,"(28, 80)",blackwhite/string_image,hamming,4,0.49304,4.542999982833862,0.0007005000019073486
16,"(28, 80)",blackwhite/string_image,euclidean,20,0.53022,4.990000009536743,0.0006939400005340576
16,"(28, 80)",blackwhite/string_image,hamming,20,0.53022,3.7739999294281006,0.0008582599973678589
16,"(28, 80)",blackwhite/string_image,euclidean,50,0.5486,4.1570000648498535,0.000839060001373291
16,"(28, 80)",blackwhite/string_image,hamming,50,0.5486,3.6500000953674316,0.0009538399982452392
16,"(28, 80)",blackwhite/string_image,euclidean,100,0.55584,3.5920000076293945,0.000937480001449585
16,"(28, 80)",blackwhite/string_image,hamming,100,0.55584,3.4620001316070557,0.0011817199993133544
16,"(28, 80)",blackwhite/string_image,euclidean,250,0.56404,3.799999952316284,0.0013666199970245362
16,"(28, 80)",blackwhite/string_image,hamming,250,0.56404,4.764999866485596,0.0017939600038528443
16,"(28, 80)",color/full_image/not_smooth,euclidean,1,0.5648,5.207000017166138,0.0012412400007247924
16,"(28, 80)",color/full_image/not_smooth,hamming,1,0.5648,3.5239999294281006,0.0009307399988174439
16,"(28, 80)",color/full_image/not_smooth,euclidean,4,0.4352,3.6540000438690186,0.0011589999961853028
16,"(28, 80)",color/full_image/not_smooth,hamming,4,0.4352,3.7680001258850098,0.001056139998435974
16,"(28, 80)",color/full_image/not_smooth,euclidean,20,0.5648,5.2190001010894775,0.0014343200016021728
16,"(28, 80)",color/full_image/not_smooth,hamming,20,0.5648,4.9659998416900635,0.001107039999961853
16,"(28, 80)",color/full_image/not_smooth,euclidean,50,0.5648,3.9169998168945312,0.0012353999996185302
16,"(28, 80)",color/full_image/not_smooth,hamming,50,0.5648,3.924999952316284,0.0010058599996566773
16,"(28, 80)",color/full_image/not_smooth,euclidean,100,0.5648,3.7929999828338623,0.0011992999982833863
16,"(28, 80)",color/full_image/not_smooth,hamming,100,0.5648,3.4620001316070557,0.0010913399982452393
16,"(28, 80)",color/full_image/not_smooth,euclidean,250,0.5648,4.648000001907349,0.0013338400030136108
16,"(28, 80)",color/full_image/not_smooth,hamming,250,0.5648,3.8410000801086426,0.0010251399993896485
16,"(28, 80)",grayscale/full_image,euclidean,1,0.50658,1.9049999713897705,0.0007215000009536743
16,"(28, 80)",grayscale/full_image,hamming,1,0.50658,1.7070000171661377,0.0006128000020980835
16,"(28, 80)",grayscale/full_image,euclidean,4,0.4352,1.755000114440918,0.0007713199996948242
16,"(28, 80)",grayscale/full_image,hamming,4,0.4352,1.7639999389648438,0.0006748800039291381
16,"(28, 80)",grayscale/full_image,euclidean,20,0.5651,1.806999921798706,0.0007999200010299683
16,"(28, 80)",grayscale/full_image,hamming,20,0.5651,1.8599998950958252,0.000683580002784729
16,"(28, 80)",grayscale/full_image,euclidean,50,0.56508,1.885000228881836,0.0008500799989700317
16,"(28, 80)",grayscale/full_image,hamming,50,0.56508,1.8220000267028809,0.0006917399978637695
16,"(28, 80)",grayscale/full_image,euclidean,100,0.5648,1.8229999542236328,0.0007972200012207031
16,"(28, 80)",grayscale/full_image,hamming,100,0.5648,1.7709999084472656,0.0005936400032043457
16,"(28, 80)",grayscale/full_image,euclidean,250,0.5648,1.7549998760223389,0.0008073799991607666
16,"(28, 80)",grayscale/full_image,hamming,250,0.5648,1.7060000896453857,0.0007482200002670288
16,"(28, 80)",blackwhite/full_image,euclidean,1,0.50666,5.134999990463257,0.0011316400003433228
16,"(28, 80)",blackwhite/full_image,hamming,1,0.50666,4.168999910354614,0.0009862000036239625
16,"(28, 80)",blackwhite/full_image,euclidean,4,0.51394,3.256999969482422,0.0008652199983596802
16,"(28, 80)",blackwhite/full_image,hamming,4,0.51394,3.2920000553131104,0.0009972599983215332
16,"(28, 80)",blackwhite/full_image,euclidean,20,0.55126,3.4040000438690186,0.0009126200008392334
16,"(28, 80)",blackwhite/full_image,hamming,20,0.55126,3.440999984741211,0.0010744400024414063
16,"(28, 80)",blackwhite/full_image,euclidean,50,0.55966,3.4010000228881836,0.0009503800010681152
16,"(28, 80)",blackwhite/full_image,hamming,50,0.55966,3.5149998664855957,0.0011077800035476685
16,"(28, 80)",blackwhite/full_image,euclidean,100,0.56312,3.4079999923706055,0.0009636199998855591
16,"(28, 80)",blackwhite/full_image,hamming,100,0.56312,3.25,0.0011244799995422364
16,"(28, 80)",blackwhite/full_image,euclidean,250,0.56602,3.865000009536743,0.001166579999923706
16,"(28, 80)",blackwhite/full_image,hamming,250,0.56602,3.384999990463257,0.001270659999847412
16,"(28, 80)",grayscale/string_image,euclidean,1,0.55042,2.7039999961853027,0.0006762799978256226
16,"(28, 80)",grayscale/string_image,hamming,1,0.55042,3.5169999599456787,0.0005721600008010865
16,"(28, 80)",grayscale/string_image,euclidean,4,0.46452,2.934000015258789,0.0006918400001525879
16,"(28, 80)",grayscale/string_image,hamming,4,0.46452,2.9509999752044678,0.0005778999996185303
16,"(28, 80)",grayscale/string_image,euclidean,20,0.55014,2.486999988555908,0.0005969400024414062
16,"(28, 80)",grayscale/string_image,hamming,20,0.55014,2.687000036239624,0.0004835200023651123
16,"(28, 80)",grayscale/string_image,euclidean,50,0.53408,2.88100004196167,0.0006067399978637695
16,"(28, 80)",grayscale/string_image,hamming,50,0.53408,2.497999906539917,0.00046394000053405764
16,"(28, 80)",grayscale/string_image,euclidean,100,0.5483,2.4620001316070557,0.0006325
16,"(28, 80)",grayscale/string_image,hamming,100,0.5483,2.6089999675750732,0.00047329999923706055
16,"(28, 80)",grayscale/string_image,euclidean,250,0.5698,2.4870002269744873,0.0006636799955368042
16,"(28, 80)",grayscale/string_image,hamming,250,0.5698,2.319999933242798,0.0005357000017166138
16,"(35, 32)",blackwhite/string_image,euclidean,1,0.53174,3.0970001220703125,0.0007140999984741211
16,"(35, 32)",blackwhite/string_image,hamming,1,0.53174,3.1670000553131104,0.00081996000289917
16,"(35, 32)",blackwhite/string_image,euclidean,4,0.48958,3.1389999389648438,0.0007225400018692017
16,"(35, 32)",blackwhite/string_image,hamming,4,0.48958,3.1430001258850098,0.0008542199993133545
16,"(35, 32)",blackwhite/string_image,euclidean,20,0.52964,3.7860000133514404,0.0008029800033569336
16,"(35, 32)",blackwhite/string_image,hamming,20,0.52964,3.072999954223633,0.0008887400007247925
16,"(35, 32)",blackwhite/string_image,euclidean,50,0.5506,3.188999891281128,0.0007793800020217895
16,"(35, 32)",blackwhite/string_image,hamming,50,0.5506,3.2710001468658447,0.0009398999977111817
16,"(35, 32)",blackwhite/string_image,euclidean,100,0.55272,3.629000186920166,0.000807519998550415
16,"(35, 32)",blackwhite/string_image,hamming,100,0.55272,3.375,0.0009776999998092652
16,"(35, 32)",blackwhite/string_image,euclidean,250,0.56166,3.379000186920166,0.0009307399988174439
16,"(35, 32)",blackwhite/string_image,hamming,250,0.56166,3.5139999389648438,0.0010655400037765503
16,"(35, 32)",color/full_image/not_smooth,euclidean,1,0.5648,3.2730000019073486,0.0010892799997329712
16,"(35, 32)",color/full_image/not_smooth,hamming,1,0.5648,3.9639999866485596,0.0008612200021743774
16,"(35, 32)",color/full_image/not_smooth,euclidean,4,0.43522,3.0179998874664307,0.0010534800004959107
16,"(35, 32)",color/full_image/not_smooth,hamming,4,0.43522,3.1589999198913574,0.000849700002670288
16,"(35, 32)",color/full_image/not_smooth,euclidean,20,0.5648,3.1369998455047607,0.0011445800018310547
16,"(35, 32)",color/full_image/not_smooth,hamming,20,0.5648,3.134000062942505,0.0008569999980926514
16,"(35, 32)",color/full_image/not_smooth,euclidean,50,0.5648,3.13700008392334,0.001093899998664856
16,"(35, 32)",color/full_image/not_smooth,hamming,50,0.5648,3.302999973297119,0.0009008400011062622
16,"(35, 32)",color/full_image/not_smooth,euclidean,100,0.5648,3.559000015258789,0.0011230999994277953
16,"(35, 32)",color/full_image/not_smooth,hamming,100,0.5648,3.546999931335449,0.0008792000007629394
16,"(35, 32)",color/full_image/not_smooth,euclidean,250,0.5648,3.4119999408721924,0.0011725600004196166
16,"(35, 32)",color/full_image/not_smooth,hamming,250,0.5648,3.244000196456909,0.0009672199964523315
16,"(35, 32)",grayscale/full_image,euclidean,1,0.56614,3.496999979019165,0.0011286600017547607
16,"(35, 32)",grayscale/full_image,hamming,1,0.56614,3.3380000591278076,0.0009070599985122681
16,"(35, 32)",grayscale/full_image,euclidean,4,0.4352,3.61899995803833,0.0011142999982833863
16,"(35, 32)",grayscale/full_image,hamming,4,0.4352,3.6549999713897705,0.0009203599977493286
16,"(35, 32)",grayscale/full_image,euclidean,20,0.4352,3.558000087738037,0.0010999599981307982
16,"(35, 32)",grayscale/full_image,hamming,20,0.4352,3.4660000801086426,0.0008991199970245362
16,"(35, 32)",grayscale/full_image,euclidean,50,0.56614,3.5160000324249268,0.0011345199966430663
16,"(35, 32)",grayscale/full_image,hamming,50,0.56614,3.4570000171661377,0.0009087199974060059
16,"(35, 32)",grayscale/full_image,euclidean,100,0.56614,3.3929998874664307,0.0012085000038146972
16,"(35, 32)",grayscale/full_image,hamming,100,0.56614,4.203999996185303,0.0009054400014877319
16,"(35, 32)",grayscale/full_image,euclidean,250,0.56614,3.0429999828338623,0.0010837400007247925
16,"(35, 32)",grayscale/full_image,hamming,250,0.56614,3.134000062942505,0.0008826200008392334
16,"(35, 32)",blackwhite/full_image,euclidean,1,0.5535,2.8919999599456787,0.0007313600015640258
16,"(35, 32)",blackwhite/full_image,hamming,1,0.5535,3.554999828338623,0.0007999000024795532
16,"(35, 32)",blackwhite/full_image,euclidean,4,0.522,3.690000057220459,0.0008594199991226196
16,"(35, 32)",blackwhite/full_image,hamming,4,0.522,3.6989998817443848,0.0008651399993896484
16,"(35, 32)",blackwhite/full_image,euclidean,20,0.57302,3.2889997959136963,0.0008774200010299683
16,"(35, 32)",blackwhite/full_image,hamming,20,0.57302,2.9619998931884766,0.0007437400007247925
16,"(35, 32)",blackwhite/full_image,euclidean,50,0.57306,2.9600000381469727,0.0008187200021743774
16,"(35, 32)",blackwhite/full_image,hamming,50,0.57306,2.9179999828338623,0.0007988000011444092
16,"(35, 32)",blackwhite/full_image,euclidean,100,0.57324,2.86299991607666,0.0008498400020599366
16,"(35, 32)",blackwhite/full_image,hamming,100,0.57324,2.9010000228881836,0.0008422999954223633
16,"(35, 32)",blackwhite/full_image,euclidean,250,0.5717,2.740999937057495,0.0008927199983596801
16,"(35, 32)",blackwhite/full_image,hamming,250,0.5717,2.819999933242798,0.0008837599992752075
16,"(35, 32)",grayscale/string_image,euclidean,1,0.51938,2.9739999771118164,0.0006017599964141846
16,"(35, 32)",grayscale/string_image,hamming,1,0.51938,3.381999969482422,0.0007367199993133544
16,"(35, 32)",grayscale/string_image,euclidean,4,0.49516,3.2339999675750732,0.0006224000024795532
16,"(35, 32)",grayscale/string_image,hamming,4,0.49516,3.499000072479248,0.0007098600006103516
16,"(35, 32)",grayscale/string_image,euclidean,20,0.53362,2.946000099182129,0.0005777600002288819
16,"(35, 32)",grayscale/string_image,hamming,20,0.53362,2.9140000343322754,0.0007190199995040894
16,"(35, 32)",grayscale/string_image,euclidean,50,0.5644,3.2100000381469727,0.0006266200017929077
16,"(35, 32)",grayscale/string_image,hamming,50,0.5644,3.0769999027252197,0.000817480001449585
16,"(35, 32)",grayscale/string_image,euclidean,100,0.56442,3.1410000324249268,0.000680019998550415
16,"(35, 32)",grayscale/string_image,hamming,100,0.56442,2.991000175476074,0.0008919799995422363
16,"(35, 32)",grayscale/string_image,euclidean,250,0.57502,3.246999979019165,0.0008352199983596802
16,"(35, 32)",grayscale/string_image,hamming,250,0.57502,3.010999917984009,0.001036100001335144
16,"(40, 28)",blackwhite/string_image,euclidean,1,0.51786,2.931999921798706,0.00047282000064849855
16,"(40, 28)",blackwhite/string_image,hamming,1,0.51786,2.86899995803833,0.0006074599981307984
16,"(40, 28)",blackwhite/string_image,euclidean,4,0.50096,3.1009998321533203,0.0005318800020217895
16,"(40, 28)",blackwhite/string_image,hamming,4,0.50096,2.7139999866485596,0.0006439200019836426
16,"(40, 28)",blackwhite/string_image,euclidean,20,0.54356,3.0450000762939453,0.000605
16,"(40, 28)",blackwhite/string_image,hamming,20,0.54356,2.9819998741149902,0.0007295799970626831
16,"(40, 28)",blackwhite/string_image,euclidean,50,0.56038,2.6659998893737793,0.000586540002822876
16,"(40, 28)",blackwhite/string_image,hamming,50,0.56038,2.8550000190734863,0.0007212799978256226
16,"(40, 28)",blackwhite/string_image,euclidean,100,0.56394,2.7940001487731934,0.0006545599985122681
16,"(40, 28)",blackwhite/string_image,hamming,100,0.56394,2.9759998321533203,0.0008020600032806396
16,"(40, 28)",blackwhite/string_image,euclidean,250,0.57014,2.5839998722076416,0.0007889600038528443
16,"(40, 28)",blackwhite/string_image,hamming,250,0.57014,2.8010001182556152,0.0010013199996948242
16,"(40, 28)",color/full_image/not_smooth,euclidean,1,0.56492,3.1050000190734863,0.0010527800035476684
16,"(40, 28)",color/full_image/not_smooth,hamming,1,0.56492,3.175999879837036,0.0008536600017547607
16,"(40, 28)",color/full_image/not_smooth,euclidean,4,0.4352,3.2260000705718994,0.0010408799982070923
16,"(40, 28)",color/full_image/not_smooth,hamming,4,0.4352,3.0889999866485596,0.0008400799989700318
16,"(40, 28)",color/full_image/not_smooth,euclidean,20,0.56492,3.055000066757202,0.0010453399991989137
16,"(40, 28)",color/full_image/not_smooth,hamming,20,0.56492,3.5210001468658447,0.0008669000005722046
16,"(40, 28)",color/full_image/not_smooth,euclidean,50,0.56492,3.1610000133514404,0.001040779995918274
16,"(40, 28)",color/full_image/not_smooth,hamming,50,0.56492,3.0279998779296875,0.0008452800035476685
16,"(40, 28)",color/full_image/not_smooth,euclidean,100,0.56492,3.3459999561309814,0.0010905600023269654
16,"(40, 28)",color/full_image/not_smooth,hamming,100,0.56492,3.5490000247955322,0.0008717400026321411
16,"(40, 28)",color/full_image/not_smooth,euclidean,250,0.56492,3.2089998722076416,0.001099240002632141
16,"(40, 28)",color/full_image/not_smooth,hamming,250,0.56492,3.136000156402588,0.0008793599987030029
16,"(40, 28)",grayscale/full_image,euclidean,1,0.5648,2.6640000343322754,0.0008389599990844726
16,"(40, 28)",grayscale/full_image,hamming,1,0.5648,2.5959999561309814,0.0006672800016403198
16,"(40, 28)",grayscale/full_image,euclidean,4,0.54566,2.7739999294281006,0.000847940001487732
16,"(40, 28)",grayscale/full_image,hamming,4,0.54566,2.8500001430511475,0.0006581399965286255
16,"(40, 28)",grayscale/full_image,euclidean,20,0.5648,2.5959999561309814,0.0008458200025558472
16,"(40, 28)",grayscale/full_image,hamming,20,0.5648,2.759000062942505,0.0006628200006484986
16,"(40, 28)",grayscale/full_image,euclidean,50,0.5648,2.7990000247955322,0.0008272599983215332
16,"(40, 28)",grayscale/full_image,hamming,50,0.5648,2.624000072479248,0.0006763800001144409
16,"(40, 28)",grayscale/full_image,euclidean,100,0.5648,2.7339999675750732,0.000862000002861023
16,"(40, 28)",grayscale/full_image,hamming,100,0.5648,2.928999900817871,0.0006868600034713745
16,"(40, 28)",grayscale/full_image,euclidean,250,0.5648,2.6619999408721924,0.0008568400001525879
16,"(40, 28)",grayscale/full_image,hamming,250,0.5648,2.6590001583099365,0.0007209999990463256
16,"(40, 28)",blackwhite/full_image,euclidean,1,0.55398,2.9739999771118164,0.0008320600032806397
16,"(40, 28)",blackwhite/full_image,hamming,1,0.55398,2.7780001163482666,0.0007320999956130981
16,"(40, 28)",blackwhite/full_image,euclidean,4,0.5707,2.628999948501587,0.0007984800004959107
16,"(40, 28)",blackwhite/full_image,hamming,4,0.5707,2.700000047683716,0.0006379999971389771
16,"(40, 28)",blackwhite/full_image,euclidean,20,0.44608,2.745999813079834,0.0008535400009155274
16,"(40, 28)",blackwhite/full_image,hamming,20,0.44608,2.7839999198913574,0.000726859998703003
16,"(40, 28)",blackwhite/full_image,euclidean,50,0.4451,2.9149999618530273,0.0008828599977493286
16,"(40, 28)",blackwhite/full_image,hamming,50,0.4451,2.8339998722076416,0.0006973799991607666
16,"(40, 28)",blackwhite/full_image,euclidean,100,0.44502,2.685999870300293,0.0008437400007247925
16,"(40, 28)",blackwhite/full_image,hamming,100,0.44502,2.6649999618530273,0.0006711599969863891
16,"(40, 28)",blackwhite/full_image,euclidean,250,0.57068,2.616000175476074,0.000890019998550415
16,"(40, 28)",blackwhite/full_image,hamming,250,0.57068,2.761000156402588,0.0007125600004196167
16,"(40, 28)",grayscale/string_image,euclidean,1,0.53018,3.2730000019073486,0.0009790199995040893
16,"(40, 28)",grayscale/string_image,hamming,1,0.53018,3.3989999294281006,0.001016820001602173
16,"(40, 28)",grayscale/string_image,euclidean,4,0.5345,3.2260000705718994,0.0009674200010299683
16,"(40, 28)",grayscale/string_image,hamming,4,0.5345,4.5849997997283936,0.0010799600028991699
16,"(40, 28)",grayscale/string_image,euclidean,20,0.56446,3.2190001010894775,0.000987220001220703
16,"(40, 28)",grayscale/string_image,hamming,20,0.56446,3.308000087738037,0.0010307599973678589
16,"(40, 28)",grayscale/string_image,euclidean,50,0.56564,3.384000062942505,0.0009846199989318849
16,"(40, 28)",grayscale/string_image,hamming,50,0.56564,3.19599986076355,0.001007000002861023
16,"(40, 28)",grayscale/string_image,euclidean,100,0.5761,3.4709999561309814,0.0010223000001907349
16,"(40, 28)",grayscale/string_image,hamming,100,0.5761,3.258999824523926,0.0010563199996948243
16,"(40, 28)",grayscale/string_image,euclidean,250,0.57812,3.245999813079834,0.0010723000001907348
16,"(40, 28)",grayscale/string_image,hamming,250,0.57812,3.2669999599456787,0.0011196199989318848
32,"(28, 80)",blackwhite/string_image,euclidean,1,0.51306,4.614000082015991,0.0015780200004577637
32,"(28, 80)",blackwhite/string_image,hamming,1,0.51306,4.539000034332275,0.0023687599992752075
32,"(28, 80)",blackwhite/string_image,euclidean,4,0.50038,4.401000022888184,0.0020394599962234496
32,"(28, 80)",blackwhite/string_image,hamming,4,0.50038,4.477999925613403,0.003113400001525879
32,"(28, 80)",blackwhite/string_image,euclidean,20,0.53356,4.827999830245972,0.002643300004005432
32,"(28, 80)",blackwhite/string_image,hamming,20,0.53356,4.679999828338623,0.0040673400020599364
32,"(28, 80)",blackwhite/string_image,euclidean,50,0.5522,4.684999942779541,0.0029846199989318847
32,"(28, 80)",blackwhite/string_image,hamming,50,0.5522,4.41700005531311,0.0045857599973678585
32,"(28, 80)",blackwhite/string_image,euclidean,100,0.55914,5.084000110626221,0.0033079199981689454
32,"(28, 80)",blackwhite/string_image,hamming,100,0.55914,4.483999967575073,0.004716640000343323
32,"(28, 80)",blackwhite/string_image,euclidean,250,0.56776,6.60699987411499,0.0033056799983978273
32,"(28, 80)",blackwhite/string_image,hamming,250,0.56776,4.914000034332275,0.004957919998168945
32,"(28, 80)",color/full_image/not_smooth,euclidean,1,0.5648,6.381999969482422,0.0015335200023651123
32,"(28, 80)",color/full_image/not_smooth,hamming,1,0.5648,6.244999885559082,0.0011361000013351441
32,"(28, 80)",color/full_image/not_smooth,euclidean,4,0.4352,6.603000164031982,0.0015765399980545043
32,"(28, 80)",color/full_image/not_smooth,hamming,4,0.4352,6.641999959945679,0.0011955200004577636
32,"(28, 80)",color/full_image/not_smooth,euclidean,20,0.47216,6.732999801635742,0.0015717799997329712
32,"(28, 80)",color/full_image/not_smooth,hamming,20,0.47216,6.707000017166138,0.0011492000007629394
32,"(28, 80)",color/full_image/not_smooth,euclidean,50,0.47216,6.382999897003174,0.0015963199996948242
32,"(28, 80)",color/full_image/not_smooth,hamming,50,0.47216,6.588000059127808,0.0012259000015258789
32,"(28, 80)",color/full_image/not_smooth,euclidean,100,0.56542,6.546000003814697,0.0015368200016021728
32,"(28, 80)",color/full_image/not_smooth,hamming,100,0.56542,7.2170000076293945,0.0011787199974060058
32,"(28, 80)",color/full_image/not_smooth,euclidean,250,0.5648,8.42199993133545,0.0016705800008773803
32,"(28, 80)",color/full_image/not_smooth,hamming,250,0.5648,6.7170000076293945,0.0011456599998474122
32,"(28, 80)",grayscale/full_image,euclidean,1,0.55832,6.41100001335144,0.0017590199995040894
32,"(28, 80)",grayscale/full_image,hamming,1,0.55832,7.823999881744385,0.0013958599996566773
32,"(28, 80)",grayscale/full_image,euclidean,4,0.49774,7.757999897003174,0.0017430999994277954
32,"(28, 80)",grayscale/full_image,hamming,4,0.49774,6.569000005722046,0.001291439995765686
32,"(28, 80)",grayscale/full_image,euclidean,20,0.56032,8.151000022888184,0.0018304399967193604
32,"(28, 80)",grayscale/full_image,hamming,20,0.56032,7.478999853134155,0.0013260200023651122
32,"(28, 80)",grayscale/full_image,euclidean,50,0.56378,9.532999992370605,0.0018145800018310547
32,"(28, 80)",grayscale/full_image,hamming,50,0.56378,7.307999849319458,0.0012978400039672852
32,"(28, 80)",grayscale/full_image,euclidean,100,0.56908,8.11899995803833,0.001666399998664856
32,"(28, 80)",grayscale/full_image,hamming,100,0.56908,6.466000080108643,0.001285479998588562
32,"(28, 80)",grayscale/full_image,euclidean,250,0.56724,6.296999931335449,0.0018152400016784667
32,"(28, 80)",grayscale/full_image,hamming,250,0.56724,7.200999975204468,0.0014069400024414062
32,"(28, 80)",blackwhite/full_image,euclidean,1,0.50252,4.9150002002716064,0.0013798799991607666
32,"(28, 80)",blackwhite/full_image,hamming,1,0.50252,4.519999980926514,0.001573639998435974
32,"(28, 80)",blackwhite/full_image,euclidean,4,0.48278,4.759000062942505,0.0014051599979400635
32,"(28, 80)",blackwhite/full_image,hamming,4,0.48278,4.435999870300293,0.0016499600028991698
32,"(28, 80)",blackwhite/full_image,euclidean,20,0.51758,5.047000169754028,0.0017540399980545045
32,"(28, 80)",blackwhite/full_image,hamming,20,0.51758,5.17900013923645,0.0020547199964523317
32,"(28, 80)",blackwhite/full_image,euclidean,50,0.54232,4.91700005531311,0.0020406800031661987
32,"(28, 80)",blackwhite/full_image,hamming,50,0.54232,4.650000095367432,0.0023437799978256227
32,"(28, 80)",blackwhite/full_image,euclidean,100,0.55864,4.769999980926514,0.002225920000076294
32,"(28, 80)",blackwhite/full_image,hamming,100,0.55864,4.596999883651733,0.002588400001525879
32,"(28, 80)",blackwhite/full_image,euclidean,250,0.56352,4.462000131607056,0.0026047199964523314
32,"(28, 80)",blackwhite/full_image,hamming,250,0.56352,4.341000080108643,0.0030959999990463256
32,"(28, 80)",grayscale/string_image,euclidean,1,0.48156,6.2900002002716064,0.0018177399969100951
32,"(28, 80)",grayscale/string_image,hamming,1,0.48156,6.419999837875366,0.0018175600004196168
32,"(28, 80)",grayscale/string_image,euclidean,4,0.49664,6.189000129699707,0.0018561199998855592
32,"(28, 80)",grayscale/string_image,hamming,4,0.49664,6.108999967575073,0.001878220000267029
32,"(28, 80)",grayscale/string_image,euclidean,20,0.53802,7.23799991607666,0.0020991200017929077
32,"(28, 80)",grayscale/string_image,hamming,20,0.53802,8.965999841690063,0.0020074200010299684
32,"(28, 80)",grayscale/string_image,euclidean,50,0.55438,6.29200005531311,0.001953819999694824
32,"(28, 80)",grayscale/string_image,hamming,50,0.55438,6.753000020980835,0.00196058000087738
32,"(28, 80)",grayscale/string_image,euclidean,100,0.57102,6.229000091552734,0.002024199995994568
32,"(28, 80)",graysc